question,winner_run1,winner_run2,winner_final,reason
Dữ liệu cá nhân nhạy cảm bao gồm những loại nào theo Nghị định 13/2023?,b,b,b,"Answer B provides specific types of sensitive personal data as outlined in Nghị định 13/2023, while Answer A lacks this detail."
Tổ chức nước ngoài chuyển dữ liệu cá nhân ra khỏi Việt Nam cần đáp ứng những điều kiện gì?,tie,a,tie,"Both answers provide the same factual information, are relevant to the question, and are concise in their presentation."
Sự khác biệt giữa bên kiểm soát dữ liệu và bên xử lý dữ liệu trong Nghị định 13/2023 là gì?,tie,tie,tie,"Both answers provide the same content, which is uninformative regarding the question."
Chủ thể dữ liệu cá nhân có những quyền gì theo Nghị định 13/2023?,a,a,a,"Answer A provides a more comprehensive and detailed list of rights, while Answer B is less complete and lacks clarity on certain rights."
Nguyên tắc xử lý dữ liệu cá nhân theo Nghị định 13/2023 là gì?,tie,a,tie,Both answers provide the same factual information and are equally relevant and concise.
Quy trình đánh giá tác động xử lý dữ liệu cá nhân bao gồm những bước nào?,tie,tie,tie,Both answers are identical and provide no relevant information.
Điều kiện hợp pháp để xử lý dữ liệu cá nhân mà không cần sự đồng ý của chủ thể là gì?,tie,tie,tie,Both answers are identical and provide no relevant information to the question.
Bên kiểm soát dữ liệu có nghĩa vụ gì khi xảy ra sự cố lộ lọt dữ liệu cá nhân?,tie,a,tie,"Both answers accurately address the obligations of the data controller regarding data breach incidents, covering notification and damage mitigation, and are equally concise."
Dữ liệu cá nhân của trẻ em được xử lý theo quy định đặc biệt nào?,b,b,b,"Answer B provides specific legal reference (Điều 20) which enhances factual accuracy and relevance, while still maintaining the key points from Answer A."
Cơ quan Nhà nước có trách nhiệm gì trong việc bảo vệ dữ liệu cá nhân theo Nghị định 13/2023?,a,a,a,"Answer A provides accurate and relevant information regarding the responsibilities of state agencies in protecting personal data according to Decree 13/2023, while Answer B lacks any information."
Định nghĩa 'xử lý dữ liệu cá nhân' theo Nghị định 13/2023 bao gồm những hoạt động nào?,a,a,a,"Answer A provides a comprehensive and accurate definition of 'xử lý dữ liệu cá nhân' according to Nghị định 13/2023, while Answer B fails to provide any relevant information."
Sự đồng ý của chủ thể dữ liệu phải được thể hiện như thế nào theo Nghị định 13/2023?,b,a,tie,"Answer B provides a clearer emphasis on the consent to process personal data, which is more relevant to the question."
"Theo Nghị định 13/2023, thời hạn lưu trữ dữ liệu cá nhân là bao lâu?",a,a,a,"Answer A provides a relevant and accurate response regarding the storage duration of personal data according to Decree 13/2023, while Answer B does not provide any information."
Tổng tài sản ngắn hạn của công ty theo báo cáo tài chính là bao nhiêu?,tie,tie,tie,Both answers provide the same factual information and are equally relevant and concise.
Doanh thu thuần từ bán hàng và cung cấp dịch vụ của công ty là bao nhiêu trong kỳ báo cáo?,tie,tie,tie,Both answers provide the same factual information and are equally relevant and concise.
Lợi nhuận sau thuế thu nhập doanh nghiệp của công ty trong kỳ là bao nhiêu?,a,a,a,"Answer A provides a complete and accurate response with the specified currency, while Answer B lacks clarity on the currency unit."
Vốn chủ sở hữu của công ty tại cuối kỳ báo cáo là bao nhiêu và cơ cấu gồm những khoản mục nào?,b,tie,tie,"Answer B is clearer and more organized, providing a total at the end which enhances understanding."
Các khoản nợ phải trả dài hạn của công ty bao gồm những gì và tổng giá trị là bao nhiêu?,a,a,a,"Answer A provides specific details about the long-term liabilities and their total value, while Answer B fails to provide any information."
Công ty thực hiện chính sách kế toán nào đối với hàng tồn kho và phương pháp tính giá vốn hàng bán?,tie,tie,tie,Both answers are identical and provide no information.
"Luồng tiền từ hoạt động kinh doanh (operating cash flow) của công ty trong kỳ là dương hay âm, và những yếu tố chính nào ảnh hưởng?",tie,tie,tie,"Both answers provide accurate information, are relevant to the question, and are concise in their explanations."
